"0132151006","Internet & Worl Wide Web How to Program",5,2012
"0133807800","Java How to Program",10,2015
"0132575655","C How to Program Latr Objects Version",10,2015
"013299044X","C How to Program",7,2013
"0132990601","Simply Visual Basic 2010",4,2013
"0133406954","Visual Basic 2012 How to Proram",6,2014
"0133379337","Visual C# 2012 How to Program",5,2014
"0136151574","Visal C++ 2008 How to Program",2,2008
"0133378713","C++ How to Program",9,2014
"0133570924","Android How to Program",2,2015
"0133570927","Android for Programmers: An App-Driven Approach Volume 1",1,2014
"0132121361","Android for Programmers: An App-Driven Approach",2,2012
